cUid,position,name
1665097,Midfield,Kenny Beaney
1257380,Midfield,Ashley Carew
1702353,Defender,Nathan Green
1720258,Striker,Gavin Tomlin
714676,Wide Midfield,Nyren Clunis
1651513,Goalkeeper,Preston Edwards
830570,Striker,Daniel Carr
1665097,Midfield,Kenny Beaney
1665097,Midfield,Kenny Beaney
1665097,Midfield,Kenny Beaney
1665097,Midfield,Kenny Beaney
1651513,Goalkeeper,Preston Edwards
1651513,Goalkeeper,Preston Edwards
1702353,Defender,Nathan Green
1651513,Goalkeeper,Preston Edwards
1651513,Goalkeeper,Preston Edwards
1651513,Goalkeeper,Preston Edwards
1651513,Goalkeeper,Preston Edwards
830570,Striker,Daniel Carr
830570,Striker,Daniel Carr
830570,Striker,Daniel Carr
1665097,Midfield,Kenny Beaney
1720258,Striker,Gavin Tomlin
830570,Striker,Daniel Carr
830570,Striker,Daniel Carr
1702353,Defender,Nathan Green
1651513,Goalkeeper,Preston Edwards
1702364,Midfield,Ibrahim Kargbo
1796859,Central Defender,Kiki Oshilaja
1427221,Attacking Midfield,Sean Mason
714527,Striker,Kevin James
1771521,Defensive Midfield,Quade Taylor
1771521,Defensive Midfield,Quade Taylor
1779867,Striker,Dumebi Dumaka
1702364,Midfield,Ibrahim Kargbo
1769065,Striker,Ibra Sekajja
1786101,Left Midfield,Vas Karagiannis
1427221,Attacking Midfield,Sean Mason
1771521,Defensive Midfield,Quade Taylor
1715485,Midfield,Kadell Daniel
1665413,Attacking Midfield,Roman Michael-Percil
1748040,Striker,Alex Teniola
1779867,Striker,Dumebi Dumaka
1786101,Left Midfield,Vas Karagiannis
1769065,Striker,Ibra Sekajja
1786101,Left Midfield,Vas Karagiannis
1665413,Attacking Midfield,Roman Michael-Percil
1665413,Attacking Midfield,Roman Michael-Percil
1665413,Attacking Midfield,Roman Michael-Percil
1525885,Central Midfield,Josh Fernandes
1753607,Attacking Midfield,Kieran Djilali
1748040,Striker,Alex Teniola
1537135,Striker,Dereece Thompson
1748040,Striker,Alex Teniola
1748040,Striker,Alex Teniola
1748040,Striker,Alex Teniola
1748040,Striker,Alex Teniola
1748040,Striker,Alex Teniola
1748040,Striker,Alex Teniola
1748040,Striker,Alex Teniola
1748040,Striker,Alex Teniola
1753607,Attacking Midfield,Kieran Djilali
1753607,Attacking Midfield,Kieran Djilali
1753607,Attacking Midfield,Kieran Djilali
1753607,Attacking Midfield,Kieran Djilali
1537135,Striker,Dereece Thompson
1537135,Striker,Dereece Thompson
1537135,Striker,Dereece Thompson
1537135,Striker,Dereece Thompson
1537135,Striker,Dereece Thompson
1537135,Striker,Dereece Thompson
1537135,Striker,Dereece Thompson
1537135,Striker,Dereece Thompson
1720260,Striker,Ayomide Adeboyejo
1537135,Striker,Dereece Thompson
1753607,Attacking Midfield,Kieran Djilali
1753607,Attacking Midfield,Kieran Djilali
1753607,Attacking Midfield,Kieran Djilali
1537135,Striker,Dereece Thompson
1753607,Attacking Midfield,Kieran Djilali
1753607,Attacking Midfield,Kieran Djilali
1753607,Attacking Midfield,Kieran Djilali
1525885,Central Midfield,Josh Fernandes
1525885,Central Midfield,Josh Fernandes
1525885,Central Midfield,Josh Fernandes
1525885,Central Midfield,Josh Fernandes
1525885,Central Midfield,Josh Fernandes
1525885,Central Midfield,Josh Fernandes
1525885,Central Midfield,Josh Fernandes
1525885,Central Midfield,Josh Fernandes
1525885,Central Midfield,Josh Fernandes
1525885,Central Midfield,Josh Fernandes
1748040,Striker,Alex Teniola
1720260,Striker,Ayomide Adeboyejo
1720260,Striker,Ayomide Adeboyejo
1720260,Striker,Ayomide Adeboyejo
1720260,Striker,Ayomide Adeboyejo
1720260,Striker,Ayomide Adeboyejo
1720260,Striker,Ayomide Adeboyejo
1720260,Striker,Ayomide Adeboyejo
1720260,Striker,Ayomide Adeboyejo
1720260,Striker,Ayomide Adeboyejo
1720260,Striker,Ayomide Adeboyejo
1665413,Attacking Midfield,Roman Michael-Percil
1702371,Striker,Sandy Cunningham
1665413,Attacking Midfield,Roman Michael-Percil
1665413,Attacking Midfield,Roman Michael-Percil
1665413,Attacking Midfield,Roman Michael-Percil
1665413,Attacking Midfield,Roman Michael-Percil
1665413,Attacking Midfield,Roman Michael-Percil
1715485,Midfield,Kadell Daniel
1715485,Midfield,Kadell Daniel
1715485,Midfield,Kadell Daniel
1715485,Midfield,Kadell Daniel
1715485,Midfield,Kadell Daniel
1715485,Midfield,Kadell Daniel
1715485,Midfield,Kadell Daniel
1715485,Midfield,Kadell Daniel
1715485,Midfield,Kadell Daniel
1702371,Striker,Sandy Cunningham
1702371,Striker,Sandy Cunningham
1702371,Striker,Sandy Cunningham
1702371,Striker,Sandy Cunningham
1702371,Striker,Sandy Cunningham
1702371,Striker,Sandy Cunningham
1702371,Striker,Sandy Cunningham
1702371,Striker,Sandy Cunningham
1702371,Striker,Sandy Cunningham
1702371,Striker,Sandy Cunningham
1769065,Striker,Ibra Sekajja
1786101,Left Midfield,Vas Karagiannis
1786101,Left Midfield,Vas Karagiannis
1769065,Striker,Ibra Sekajja
1769065,Striker,Ibra Sekajja
1769065,Striker,Ibra Sekajja
1769065,Striker,Ibra Sekajja
1769065,Striker,Ibra Sekajja
1769065,Striker,Ibra Sekajja
1769065,Striker,Ibra Sekajja
1786101,Left Midfield,Vas Karagiannis
1786101,Left Midfield,Vas Karagiannis
1786101,Left Midfield,Vas Karagiannis
1786101,Left Midfield,Vas Karagiannis
1786101,Left Midfield,Vas Karagiannis
1779867,Striker,Dumebi Dumaka
1779867,Striker,Dumebi Dumaka
1779867,Striker,Dumebi Dumaka
1779867,Striker,Dumebi Dumaka
1779867,Striker,Dumebi Dumaka
1779867,Striker,Dumebi Dumaka
1779867,Striker,Dumebi Dumaka
1779867,Striker,Dumebi Dumaka
1771521,Defensive Midfield,Quade Taylor
1771521,Defensive Midfield,Quade Taylor
1771521,Defensive Midfield,Quade Taylor
1715485,Midfield,Kadell Daniel
1702345,Right Back,Sanchez Ming
1771521,Defensive Midfield,Quade Taylor
1771521,Defensive Midfield,Quade Taylor
1771521,Defensive Midfield,Quade Taylor
1771521,Defensive Midfield,Quade Taylor
1771521,Defensive Midfield,Quade Taylor
714527,Striker,Kevin James
714527,Striker,Kevin James
714527,Striker,Kevin James
714527,Striker,Kevin James
714527,Striker,Kevin James
1702345,Right Back,Sanchez Ming
1702345,Right Back,Sanchez Ming
1702345,Right Back,Sanchez Ming
1702345,Right Back,Sanchez Ming
1702345,Right Back,Sanchez Ming
1665086,Striker,Dipo Akinyemi
1414981,Attacking Midfield,Jack Dixon
1309920,Wing Back,Jordan Hibbert
714677,Central Defender,Ethan Pinnock
1497381,Defensive Midfield,Danny Waldren
1587268,Left Back,Jordan Brown
1469641,Central Defender,Matt Drage
1587268,Left Back,Jordan Brown
1525939,Attacking Midfield,Damian Scannell
1497388,Right Back,Mitchell Nelson
1618035,Striker,Ryan Moss
1665086,Striker,Dipo Akinyemi
1309920,Wing Back,Jordan Hibbert
714677,Central Defender,Ethan Pinnock
1414981,Attacking Midfield,Jack Dixon
1497388,Right Back,Mitchell Nelson
1665086,Striker,Dipo Akinyemi
1414981,Attacking Midfield,Jack Dixon
1309920,Wing Back,Jordan Hibbert
1309920,Wing Back,Jordan Hibbert
1525939,Attacking Midfield,Damian Scannell
1309920,Wing Back,Jordan Hibbert
1309920,Wing Back,Jordan Hibbert
714677,Central Defender,Ethan Pinnock
714677,Central Defender,Ethan Pinnock
1497388,Right Back,Mitchell Nelson
1497388,Right Back,Mitchell Nelson
1497388,Right Back,Mitchell Nelson
1618035,Striker,Ryan Moss
1618035,Striker,Ryan Moss
1618035,Striker,Ryan Moss
1618035,Striker,Ryan Moss
1618035,Striker,Ryan Moss
1618035,Striker,Ryan Moss
1618035,Striker,Ryan Moss
1618035,Striker,Ryan Moss
1618035,Striker,Ryan Moss
1497388,Right Back,Mitchell Nelson
1637624,Central Midfield,Gus Sow
1618035,Striker,Ryan Moss
1497388,Right Back,Mitchell Nelson
1497388,Right Back,Mitchell Nelson
1497388,Right Back,Mitchell Nelson
1497388,Right Back,Mitchell Nelson
1525939,Attacking Midfield,Damian Scannell
1497388,Right Back,Mitchell Nelson
1525939,Attacking Midfield,Damian Scannell
1525939,Attacking Midfield,Damian Scannell
1525939,Attacking Midfield,Damian Scannell
1525939,Attacking Midfield,Damian Scannell
1525939,Attacking Midfield,Damian Scannell
1525939,Attacking Midfield,Damian Scannell
1525939,Attacking Midfield,Damian Scannell
1525939,Attacking Midfield,Damian Scannell
1469641,Central Defender,Matt Drage
1469641,Central Defender,Matt Drage
1469641,Central Defender,Matt Drage
1637624,Central Midfield,Gus Sow
1637624,Central Midfield,Gus Sow
1637624,Central Midfield,Gus Sow
1637624,Central Midfield,Gus Sow
1637624,Central Midfield,Gus Sow
1637624,Central Midfield,Gus Sow
1637624,Central Midfield,Gus Sow
1637624,Central Midfield,Gus Sow
1637624,Central Midfield,Gus Sow
1637624,Central Midfield,Gus Sow
1469641,Central Defender,Matt Drage
1469641,Central Defender,Matt Drage
1469641,Central Defender,Matt Drage
1469641,Central Defender,Matt Drage
1469641,Central Defender,Matt Drage
1587268,Left Back,Jordan Brown
1587268,Left Back,Jordan Brown
1587268,Left Back,Jordan Brown
1587268,Left Back,Jordan Brown
1587268,Left Back,Jordan Brown
1587268,Left Back,Jordan Brown
1587268,Left Back,Jordan Brown
1587268,Left Back,Jordan Brown
1587268,Left Back,Jordan Brown
1497381,Defensive Midfield,Danny Waldren
1497381,Defensive Midfield,Danny Waldren
1497381,Defensive Midfield,Danny Waldren
1497381,Defensive Midfield,Danny Waldren
1497381,Defensive Midfield,Danny Waldren
1497381,Defensive Midfield,Danny Waldren
1497381,Defensive Midfield,Danny Waldren
1497381,Defensive Midfield,Danny Waldren
714677,Central Defender,Ethan Pinnock
1497381,Defensive Midfield,Danny Waldren
1497381,Defensive Midfield,Danny Waldren
714677,Central Defender,Ethan Pinnock
714677,Central Defender,Ethan Pinnock
714677,Central Defender,Ethan Pinnock
714677,Central Defender,Ethan Pinnock
714677,Central Defender,Ethan Pinnock
714677,Central Defender,Ethan Pinnock
1309920,Wing Back,Jordan Hibbert
1309920,Wing Back,Jordan Hibbert
1309920,Wing Back,Jordan Hibbert
1309920,Wing Back,Jordan Hibbert
1309920,Wing Back,Jordan Hibbert
1414981,Attacking Midfield,Jack Dixon
1414981,Attacking Midfield,Jack Dixon
1414981,Attacking Midfield,Jack Dixon
1414981,Attacking Midfield,Jack Dixon
1414981,Attacking Midfield,Jack Dixon
1414981,Attacking Midfield,Jack Dixon
1414981,Attacking Midfield,Jack Dixon
1665086,Striker,Dipo Akinyemi
1414981,Attacking Midfield,Jack Dixon
1665086,Striker,Dipo Akinyemi
1665086,Striker,Dipo Akinyemi
1665086,Striker,Dipo Akinyemi
1665086,Striker,Dipo Akinyemi
1665086,Striker,Dipo Akinyemi
1665086,Striker,Dipo Akinyemi
1665086,Striker,Dipo Akinyemi
1702345,Right Back,Sanchez Ming
1702345,Right Back,Sanchez Ming
1702345,Right Back,Sanchez Ming
1702345,Right Back,Sanchez Ming
714527,Striker,Kevin James
714527,Striker,Kevin James
714527,Striker,Kevin James
714527,Striker,Kevin James
714527,Striker,Kevin James
1702364,Midfield,Ibrahim Kargbo
1702364,Midfield,Ibrahim Kargbo
1702364,Midfield,Ibrahim Kargbo
1702364,Midfield,Ibrahim Kargbo
1702364,Midfield,Ibrahim Kargbo
1702364,Midfield,Ibrahim Kargbo
1702364,Midfield,Ibrahim Kargbo
1702364,Midfield,Ibrahim Kargbo
1427221,Attacking Midfield,Sean Mason
1702364,Midfield,Ibrahim Kargbo
1427221,Attacking Midfield,Sean Mason
1427221,Attacking Midfield,Sean Mason
1427221,Attacking Midfield,Sean Mason
1427221,Attacking Midfield,Sean Mason
1427221,Attacking Midfield,Sean Mason
1427221,Attacking Midfield,Sean Mason
1427221,Attacking Midfield,Sean Mason
1666056,Midfield,Williams Danquah
1427221,Attacking Midfield,Sean Mason
1796859,Central Defender,Kiki Oshilaja
1257382,Attacking Midfield,Dean McDonald
1796859,Central Defender,Kiki Oshilaja
1796859,Central Defender,Kiki Oshilaja
1257382,Attacking Midfield,Dean McDonald
1796859,Central Defender,Kiki Oshilaja
1666056,Midfield,Williams Danquah
1257382,Attacking Midfield,Dean McDonald
1666056,Midfield,Williams Danquah
1257382,Attacking Midfield,Dean McDonald
1257382,Attacking Midfield,Dean McDonald
1257382,Attacking Midfield,Dean McDonald
1257382,Attacking Midfield,Dean McDonald
1414979,Wide Midfield,Albert Jarrett
1414979,Wide Midfield,Albert Jarrett
1497383,Striker,Jacob Erskine
1178000,Wide Midfield,Jordan Clarke
1497383,Striker,Jacob Erskine
1119073,Left Back,Kristian Campbell
714525,Goalkeeper,Phil Wilson
1178000,Wide Midfield,Jordan Clarke
714525,Goalkeeper,Phil Wilson
1257382,Attacking Midfield,Dean McDonald
1257382,Attacking Midfield,Dean McDonald
1414979,Wide Midfield,Albert Jarrett
1178000,Wide Midfield,Jordan Clarke
1178000,Wide Midfield,Jordan Clarke
1119073,Left Back,Kristian Campbell
1119073,Left Back,Kristian Campbell
1119073,Left Back,Kristian Campbell
1119073,Left Back,Kristian Campbell
1119073,Left Back,Kristian Campbell
1119073,Left Back,Kristian Campbell
1633901,Left Midfield,Mehmet Piro
714525,Goalkeeper,Phil Wilson
714525,Goalkeeper,Phil Wilson
714525,Goalkeeper,Phil Wilson
714525,Goalkeeper,Phil Wilson
714525,Goalkeeper,Phil Wilson
714525,Goalkeeper,Phil Wilson
714525,Goalkeeper,Phil Wilson
714525,Goalkeeper,Phil Wilson
1119073,Left Back,Kristian Campbell
1119073,Left Back,Kristian Campbell
714525,Goalkeeper,Phil Wilson
1537137,Striker,Diallang Jaiyesimi
1119073,Left Back,Kristian Campbell
1633901,Left Midfield,Mehmet Piro
1119073,Left Back,Kristian Campbell
1178000,Wide Midfield,Jordan Clarke
1537134,Attacking Midfield,Osman Proni
1626912,Striker,Kladji Cani
1537137,Striker,Diallang Jaiyesimi
1537137,Striker,Diallang Jaiyesimi
1537137,Striker,Diallang Jaiyesimi
1537137,Striker,Diallang Jaiyesimi
1537134,Attacking Midfield,Osman Proni
1626912,Striker,Kladji Cani
1537137,Striker,Diallang Jaiyesimi
1537137,Striker,Diallang Jaiyesimi
1537134,Attacking Midfield,Osman Proni
1626912,Striker,Kladji Cani
1525942,Striker,Calum Willock
1626912,Striker,Kladji Cani
1626912,Striker,Kladji Cani
1525942,Striker,Calum Willock
1626912,Striker,Kladji Cani
1626912,Striker,Kladji Cani
1626912,Striker,Kladji Cani
1626912,Striker,Kladji Cani
1537134,Attacking Midfield,Osman Proni
1626912,Striker,Kladji Cani
1626912,Striker,Kladji Cani
1537134,Attacking Midfield,Osman Proni
1567062,Left Back,Saido Khan
1567062,Left Back,Saido Khan
1537134,Attacking Midfield,Osman Proni
1537134,Attacking Midfield,Osman Proni
1525942,Striker,Calum Willock
1525942,Striker,Calum Willock
1525942,Striker,Calum Willock
1525942,Striker,Calum Willock
1525942,Striker,Calum Willock
1525942,Striker,Calum Willock
1525942,Striker,Calum Willock
1525942,Striker,Calum Willock
1497402,Striker,Charlie Penny
1525942,Striker,Calum Willock
1567062,Left Back,Saido Khan
1567062,Left Back,Saido Khan
1567062,Left Back,Saido Khan
1567062,Left Back,Saido Khan
1567062,Left Back,Saido Khan
1567062,Left Back,Saido Khan
1567062,Left Back,Saido Khan
1567062,Left Back,Saido Khan
1567062,Left Back,Saido Khan
1497402,Striker,Charlie Penny
1497402,Striker,Charlie Penny
1497402,Striker,Charlie Penny
1497402,Striker,Charlie Penny
1497402,Striker,Charlie Penny
1497402,Striker,Charlie Penny
1497402,Striker,Charlie Penny
1497402,Striker,Charlie Penny
1497402,Striker,Charlie Penny
1497402,Striker,Charlie Penny
1537134,Attacking Midfield,Osman Proni
1537134,Attacking Midfield,Osman Proni
1537134,Attacking Midfield,Osman Proni
1537137,Striker,Diallang Jaiyesimi
1537134,Attacking Midfield,Osman Proni
1537137,Striker,Diallang Jaiyesimi
1537137,Striker,Diallang Jaiyesimi
1537137,Striker,Diallang Jaiyesimi
1633901,Left Midfield,Mehmet Piro
1596880,Midfield,Dan Sweeney
1596880,Midfield,Dan Sweeney
1633901,Left Midfield,Mehmet Piro
1633901,Left Midfield,Mehmet Piro
1633901,Left Midfield,Mehmet Piro
1633901,Left Midfield,Mehmet Piro
1633901,Left Midfield,Mehmet Piro
1633901,Left Midfield,Mehmet Piro
1633901,Left Midfield,Mehmet Piro
1596880,Midfield,Dan Sweeney
1633901,Left Midfield,Mehmet Piro
1596880,Midfield,Dan Sweeney
1596880,Midfield,Dan Sweeney
1596880,Midfield,Dan Sweeney
1596880,Midfield,Dan Sweeney
1596880,Midfield,Dan Sweeney
1596880,Midfield,Dan Sweeney
1596880,Midfield,Dan Sweeney
913621,Right Midfield,Dean Lodge
1596880,Midfield,Dan Sweeney
1178000,Wide Midfield,Jordan Clarke
913621,Right Midfield,Dean Lodge
1178000,Wide Midfield,Jordan Clarke
913621,Right Midfield,Dean Lodge
913621,Right Midfield,Dean Lodge
913621,Right Midfield,Dean Lodge
913621,Right Midfield,Dean Lodge
913621,Right Midfield,Dean Lodge
913621,Right Midfield,Dean Lodge
913621,Right Midfield,Dean Lodge
913621,Right Midfield,Dean Lodge
913621,Right Midfield,Dean Lodge
1178000,Wide Midfield,Jordan Clarke
1178000,Wide Midfield,Jordan Clarke
1178000,Wide Midfield,Jordan Clarke
1178000,Wide Midfield,Jordan Clarke
1497383,Striker,Jacob Erskine
1497383,Striker,Jacob Erskine
1497383,Striker,Jacob Erskine
1497383,Striker,Jacob Erskine
1497383,Striker,Jacob Erskine
1497383,Striker,Jacob Erskine
1497383,Striker,Jacob Erskine
1497383,Striker,Jacob Erskine
1497383,Striker,Jacob Erskine
1414979,Wide Midfield,Albert Jarrett
1414979,Wide Midfield,Albert Jarrett
1414979,Wide Midfield,Albert Jarrett
1414979,Wide Midfield,Albert Jarrett
1414979,Wide Midfield,Albert Jarrett
1257382,Attacking Midfield,Dean McDonald
1414979,Wide Midfield,Albert Jarrett
1414979,Wide Midfield,Albert Jarrett
1666056,Midfield,Williams Danquah
1257382,Attacking Midfield,Dean McDonald
1414979,Wide Midfield,Albert Jarrett
1006533,Striker,Harry Ottaway
714680,Midfield,Xavier Vidal
1372514,Left Back,Frazer Shaw
1666056,Midfield,Williams Danquah
1666056,Midfield,Williams Danquah
1666056,Midfield,Williams Danquah
1666056,Midfield,Williams Danquah
1666056,Midfield,Williams Danquah
1666056,Midfield,Williams Danquah
1666056,Midfield,Williams Danquah
1006533,Striker,Harry Ottaway
1459533,Striker,Joe Benjamin
1429481,Wide Midfield,Luke Wanadio
1006533,Striker,Harry Ottaway
714680,Midfield,Xavier Vidal
1372514,Left Back,Frazer Shaw
714680,Midfield,Xavier Vidal
1372514,Left Back,Frazer Shaw
1372514,Left Back,Frazer Shaw
1372514,Left Back,Frazer Shaw
1372514,Left Back,Frazer Shaw
1372514,Left Back,Frazer Shaw
1372514,Left Back,Frazer Shaw
1372514,Left Back,Frazer Shaw
1372514,Left Back,Frazer Shaw
714680,Midfield,Xavier Vidal
714680,Midfield,Xavier Vidal
714680,Midfield,Xavier Vidal
714680,Midfield,Xavier Vidal
1429481,Wide Midfield,Luke Wanadio
1459533,Striker,Joe Benjamin
1429481,Wide Midfield,Luke Wanadio
1429481,Wide Midfield,Luke Wanadio
1429481,Wide Midfield,Luke Wanadio
1429481,Wide Midfield,Luke Wanadio
1429481,Wide Midfield,Luke Wanadio
1429481,Wide Midfield,Luke Wanadio
1429481,Wide Midfield,Luke Wanadio
1429481,Wide Midfield,Luke Wanadio
1257373,Defender,Terrell Forbes
1459533,Striker,Joe Benjamin
1459533,Striker,Joe Benjamin
1427216,Right Midfield,Michael Abnett
1459533,Striker,Joe Benjamin
1459533,Striker,Joe Benjamin
1459533,Striker,Joe Benjamin
1459533,Striker,Joe Benjamin
1459533,Striker,Joe Benjamin
1459533,Striker,Joe Benjamin
1459533,Striker,Joe Benjamin
714680,Midfield,Xavier Vidal
714680,Midfield,Xavier Vidal
714680,Midfield,Xavier Vidal
1006533,Striker,Harry Ottaway
1006533,Striker,Harry Ottaway
1006533,Striker,Harry Ottaway
1006533,Striker,Harry Ottaway
1006533,Striker,Harry Ottaway
1006533,Striker,Harry Ottaway
1427216,Right Midfield,Michael Abnett
1427216,Right Midfield,Michael Abnett
1427216,Right Midfield,Michael Abnett
1427216,Right Midfield,Michael Abnett
1427216,Right Midfield,Michael Abnett
1427216,Right Midfield,Michael Abnett
1427216,Right Midfield,Michael Abnett
1427216,Right Midfield,Michael Abnett
1427216,Right Midfield,Michael Abnett
1257373,Defender,Terrell Forbes
1257373,Defender,Terrell Forbes
1257373,Defender,Terrell Forbes
1257373,Defender,Terrell Forbes
1257373,Defender,Terrell Forbes
1257373,Defender,Terrell Forbes
1257373,Defender,Terrell Forbes
1257373,Defender,Terrell Forbes
1257373,Defender,Terrell Forbes
1006533,Striker,Harry Ottaway
714678,Full Back,Kershaney Samuels
1257373,Defender,Terrell Forbes
1427216,Right Midfield,Michael Abnett
1257376,Defender,Michael Kamara
1469641,Central Defender,Matt Drage
1796859,Central Defender,Kiki Oshilaja
1702361,Central Defender,Michael Chambers
1796859,Central Defender,Kiki Oshilaja
1796859,Central Defender,Kiki Oshilaja
1796859,Central Defender,Kiki Oshilaja
1796859,Central Defender,Kiki Oshilaja
1796859,Central Defender,Kiki Oshilaja
1702359,Defender,Marc Weatherstone
1702369,Midfield,Alfred Mugabo
714678,Full Back,Kershaney Samuels
1665413,Attacking Midfield,Roman Michael-Percil
1702345,Right Back,Sanchez Ming
1257376,Defender,Michael Kamara
1257376,Defender,Michael Kamara
1257376,Defender,Michael Kamara
1257376,Defender,Michael Kamara
1257376,Defender,Michael Kamara
1257376,Defender,Michael Kamara
1257376,Defender,Michael Kamara
1702369,Midfield,Alfred Mugabo
1257376,Defender,Michael Kamara
1702369,Midfield,Alfred Mugabo
1702369,Midfield,Alfred Mugabo
1257376,Defender,Michael Kamara
1702361,Central Defender,Michael Chambers
1702369,Midfield,Alfred Mugabo
1702369,Midfield,Alfred Mugabo
1702369,Midfield,Alfred Mugabo
1702369,Midfield,Alfred Mugabo
1702369,Midfield,Alfred Mugabo
1702369,Midfield,Alfred Mugabo
1702369,Midfield,Alfred Mugabo
1702359,Defender,Marc Weatherstone
1454889,Striker,Tom Derry
1429481,Wide Midfield,Luke Wanadio
714680,Midfield,Xavier Vidal
1454889,Striker,Tom Derry
1006533,Striker,Harry Ottaway
1702359,Defender,Marc Weatherstone
1702359,Defender,Marc Weatherstone
1702359,Defender,Marc Weatherstone
1702359,Defender,Marc Weatherstone
1702359,Defender,Marc Weatherstone
1702359,Defender,Marc Weatherstone
1702359,Defender,Marc Weatherstone
1702359,Defender,Marc Weatherstone
1702361,Central Defender,Michael Chambers
1702361,Central Defender,Michael Chambers
1702361,Central Defender,Michael Chambers
1454889,Striker,Tom Derry
1702361,Central Defender,Michael Chambers
1702361,Central Defender,Michael Chambers
1702361,Central Defender,Michael Chambers
1454889,Striker,Tom Derry
1454889,Striker,Tom Derry
1454889,Striker,Tom Derry
1454889,Striker,Tom Derry
1454889,Striker,Tom Derry
1454889,Striker,Tom Derry
1454889,Striker,Tom Derry
1454889,Striker,Tom Derry
1702361,Central Defender,Michael Chambers
1702361,Central Defender,Michael Chambers
714678,Full Back,Kershaney Samuels
714678,Full Back,Kershaney Samuels
714678,Full Back,Kershaney Samuels
714678,Full Back,Kershaney Samuels
714678,Full Back,Kershaney Samuels
714678,Full Back,Kershaney Samuels
714678,Full Back,Kershaney Samuels
714678,Full Back,Kershaney Samuels
1769065,Striker,Ibra Sekajja
1702361,Central Defender,Michael Chambers
830570,Striker,Daniel Carr
1372514,Left Back,Frazer Shaw
1445358,Striker,Serge Makofo
1257376,Defender,Michael Kamara
1445358,Striker,Serge Makofo
1469641,Central Defender,Matt Drage
1786101,Left Midfield,Vas Karagiannis
1257380,Midfield,Ashley Carew
1779867,Striker,Dumebi Dumaka
1445358,Striker,Serge Makofo
1445358,Striker,Serge Makofo
1445358,Striker,Serge Makofo
1702359,Defender,Marc Weatherstone
1445358,Striker,Serge Makofo
714678,Full Back,Kershaney Samuels
1445358,Striker,Serge Makofo
1445358,Striker,Serge Makofo
1445358,Striker,Serge Makofo
1445358,Striker,Serge Makofo
1445358,Striker,Serge Makofo
1429482,Striker,Mu Maan
714676,Wide Midfield,Nyren Clunis
830570,Striker,Daniel Carr
830570,Striker,Daniel Carr
830570,Striker,Daniel Carr
830570,Striker,Daniel Carr
830570,Striker,Daniel Carr
1651513,Goalkeeper,Preston Edwards
1651513,Goalkeeper,Preston Edwards
1651513,Goalkeeper,Preston Edwards
1651513,Goalkeeper,Preston Edwards
714676,Wide Midfield,Nyren Clunis
1414985,Striker,Omar Koroma
1372515,Striker,Shawn McCoulsky
1414985,Striker,Omar Koroma
1429482,Striker,Mu Maan
1382641,Defensive Midfield,Nick Kalakoutis
1119077,Right Midfield,Ramell Lake
1382641,Defensive Midfield,Nick Kalakoutis
1429482,Striker,Mu Maan
1429482,Striker,Mu Maan
1429482,Striker,Mu Maan
1429482,Striker,Mu Maan
1429482,Striker,Mu Maan
1429482,Striker,Mu Maan
1429482,Striker,Mu Maan
1429482,Striker,Mu Maan
1429482,Striker,Mu Maan
1372515,Striker,Shawn McCoulsky
1372515,Striker,Shawn McCoulsky
1372515,Striker,Shawn McCoulsky
1372515,Striker,Shawn McCoulsky
1382641,Defensive Midfield,Nick Kalakoutis
1372515,Striker,Shawn McCoulsky
1372515,Striker,Shawn McCoulsky
1119077,Right Midfield,Ramell Lake
1119077,Right Midfield,Ramell Lake
1119077,Right Midfield,Ramell Lake
1382641,Defensive Midfield,Nick Kalakoutis
1119077,Right Midfield,Ramell Lake
1119077,Right Midfield,Ramell Lake
1119077,Right Midfield,Ramell Lake
1119077,Right Midfield,Ramell Lake
1119077,Right Midfield,Ramell Lake
1372513,Midfield,Ibrahim Mansaray
1382641,Defensive Midfield,Nick Kalakoutis
1382641,Defensive Midfield,Nick Kalakoutis
1119077,Right Midfield,Ramell Lake
1382641,Defensive Midfield,Nick Kalakoutis
1382641,Defensive Midfield,Nick Kalakoutis
1382641,Defensive Midfield,Nick Kalakoutis
1382641,Defensive Midfield,Nick Kalakoutis
1382641,Defensive Midfield,Nick Kalakoutis
1372515,Striker,Shawn McCoulsky
1414985,Striker,Omar Koroma
1372515,Striker,Shawn McCoulsky
1372515,Striker,Shawn McCoulsky
1414985,Striker,Omar Koroma
1372515,Striker,Shawn McCoulsky
1414985,Striker,Omar Koroma
1414985,Striker,Omar Koroma
1372513,Midfield,Ibrahim Mansaray
1372513,Midfield,Ibrahim Mansaray
1372513,Midfield,Ibrahim Mansaray
1372513,Midfield,Ibrahim Mansaray
1372513,Midfield,Ibrahim Mansaray
1372513,Midfield,Ibrahim Mansaray
1372513,Midfield,Ibrahim Mansaray
1372513,Midfield,Ibrahim Mansaray
1372513,Midfield,Ibrahim Mansaray
1372513,Midfield,Ibrahim Mansaray
1414985,Striker,Omar Koroma
1414985,Striker,Omar Koroma
1414985,Striker,Omar Koroma
1414985,Striker,Omar Koroma
1414985,Striker,Omar Koroma
714676,Wide Midfield,Nyren Clunis
714676,Wide Midfield,Nyren Clunis
714676,Wide Midfield,Nyren Clunis
714676,Wide Midfield,Nyren Clunis
714676,Wide Midfield,Nyren Clunis
714676,Wide Midfield,Nyren Clunis
714676,Wide Midfield,Nyren Clunis
714676,Wide Midfield,Nyren Clunis
1720258,Striker,Gavin Tomlin
714676,Wide Midfield,Nyren Clunis
1720258,Striker,Gavin Tomlin
1720258,Striker,Gavin Tomlin
1720258,Striker,Gavin Tomlin
1720258,Striker,Gavin Tomlin
1257370,Striker,Kareem Boyle
1405975,Goalkeeper,Edzin Hoca
1195294,Attacking Midfield,Emiliano Hysi
1324096,Striker,Bagasan Graham
1372517,Midfield,Malachi Robinson
1427220,Central Defender,Michael Olarewaju
1324096,Striker,Bagasan Graham
1720258,Striker,Gavin Tomlin
1324096,Striker,Bagasan Graham
1720258,Striker,Gavin Tomlin
1720258,Striker,Gavin Tomlin
1324096,Striker,Bagasan Graham
1324096,Striker,Bagasan Graham
1720258,Striker,Gavin Tomlin
1720258,Striker,Gavin Tomlin
1427220,Central Defender,Michael Olarewaju
1389929,Midfield,Brandon Hobbs
1080220,Midfield,Cherno Mendy
1389949,Right Back,Matteo Candolini
714668,Central Defender,Lewis Gonsalves
714668,Central Defender,Lewis Gonsalves
1427220,Central Defender,Michael Olarewaju
1427220,Central Defender,Michael Olarewaju
1427220,Central Defender,Michael Olarewaju
1427220,Central Defender,Michael Olarewaju
1427220,Central Defender,Michael Olarewaju
1427220,Central Defender,Michael Olarewaju
1309918,Striker,Laurent Hamici
1310037,Striker,Nigel Neita
1309919,Left Back,Marlon Patterson
1310037,Striker,Nigel Neita
1080220,Midfield,Cherno Mendy
1389949,Right Back,Matteo Candolini
1389949,Right Back,Matteo Candolini
1389949,Right Back,Matteo Candolini
714668,Central Defender,Lewis Gonsalves
714668,Central Defender,Lewis Gonsalves
714668,Central Defender,Lewis Gonsalves
714668,Central Defender,Lewis Gonsalves
714668,Central Defender,Lewis Gonsalves
714668,Central Defender,Lewis Gonsalves
714668,Central Defender,Lewis Gonsalves
714668,Central Defender,Lewis Gonsalves
714668,Central Defender,Lewis Gonsalves
1309918,Striker,Laurent Hamici
1309919,Left Back,Marlon Patterson
1309919,Left Back,Marlon Patterson
1309919,Left Back,Marlon Patterson
1309919,Left Back,Marlon Patterson
1309919,Left Back,Marlon Patterson
1309919,Left Back,Marlon Patterson
1309919,Left Back,Marlon Patterson
1309919,Left Back,Marlon Patterson
1309919,Left Back,Marlon Patterson
1310037,Striker,Nigel Neita
1310037,Striker,Nigel Neita
1309919,Left Back,Marlon Patterson
1310037,Striker,Nigel Neita
1310037,Striker,Nigel Neita
1310037,Striker,Nigel Neita
1310037,Striker,Nigel Neita
1310037,Striker,Nigel Neita
1310037,Striker,Nigel Neita
1310037,Striker,Nigel Neita
1309918,Striker,Laurent Hamici
1309918,Striker,Laurent Hamici
1309918,Striker,Laurent Hamici
1309918,Striker,Laurent Hamici
1309918,Striker,Laurent Hamici
1309918,Striker,Laurent Hamici
1309918,Striker,Laurent Hamici
1309918,Striker,Laurent Hamici
1389949,Right Back,Matteo Candolini
1389949,Right Back,Matteo Candolini
1389949,Right Back,Matteo Candolini
1389949,Right Back,Matteo Candolini
1389949,Right Back,Matteo Candolini
1389949,Right Back,Matteo Candolini
1080220,Midfield,Cherno Mendy
1080220,Midfield,Cherno Mendy
1080220,Midfield,Cherno Mendy
1080220,Midfield,Cherno Mendy
1080220,Midfield,Cherno Mendy
1080220,Midfield,Cherno Mendy
1080220,Midfield,Cherno Mendy
1080220,Midfield,Cherno Mendy
1080220,Midfield,Cherno Mendy
1389929,Midfield,Brandon Hobbs
1389929,Midfield,Brandon Hobbs
1389929,Midfield,Brandon Hobbs
1389929,Midfield,Brandon Hobbs
1389929,Midfield,Brandon Hobbs
1389929,Midfield,Brandon Hobbs
1389929,Midfield,Brandon Hobbs
1389929,Midfield,Brandon Hobbs
1389929,Midfield,Brandon Hobbs
1288936,Goalkeeper,Iñigo Echepare
1309918,Striker,Laurent Hamici
865302,Midfield,Abdul Mansaray
865302,Midfield,Abdul Mansaray
1427220,Central Defender,Michael Olarewaju
1427220,Central Defender,Michael Olarewaju
1427220,Central Defender,Michael Olarewaju
1372517,Midfield,Malachi Robinson
1372517,Midfield,Malachi Robinson
1372517,Midfield,Malachi Robinson
1372517,Midfield,Malachi Robinson
1372517,Midfield,Malachi Robinson
1372517,Midfield,Malachi Robinson
1372517,Midfield,Malachi Robinson
1372517,Midfield,Malachi Robinson
1372517,Midfield,Malachi Robinson
1288936,Goalkeeper,Iñigo Echepare
1288936,Goalkeeper,Iñigo Echepare
1288936,Goalkeeper,Iñigo Echepare
865302,Midfield,Abdul Mansaray
865302,Midfield,Abdul Mansaray
865302,Midfield,Abdul Mansaray
865302,Midfield,Abdul Mansaray
865302,Midfield,Abdul Mansaray
865302,Midfield,Abdul Mansaray
865302,Midfield,Abdul Mansaray
865302,Midfield,Abdul Mansaray
865302,Midfield,Abdul Mansaray
1288936,Goalkeeper,Iñigo Echepare
1288936,Goalkeeper,Iñigo Echepare
1288936,Goalkeeper,Iñigo Echepare
1288936,Goalkeeper,Iñigo Echepare
1288936,Goalkeeper,Iñigo Echepare
1324096,Striker,Bagasan Graham
1288936,Goalkeeper,Iñigo Echepare
1324096,Striker,Bagasan Graham
1324096,Striker,Bagasan Graham
1324096,Striker,Bagasan Graham
1372517,Midfield,Malachi Robinson
1324096,Striker,Bagasan Graham
1324096,Striker,Bagasan Graham
1006535,Wide Midfield,Jerome Walker
1202480,Midfield,Tommy Kavanagh
714674,Midfield,Erhun Öztümer
1026867,Striker,Ian Daly
1202480,Midfield,Tommy Kavanagh
714669,Wide Midfield,Ellis Green
1006531,Midfield,Billy Crook
714666,Central Defender,Peter Adeniyi
1210615,Striker,Tommy Whitnell
714665,Left Back,Ahmed Deen
714674,Midfield,Erhun Öztümer
714674,Midfield,Erhun Öztümer
714674,Midfield,Erhun Öztümer
909908,Right Back,Mathieu Boyer
1026867,Striker,Ian Daly
714674,Midfield,Erhun Öztümer
1026867,Striker,Ian Daly
1006531,Midfield,Billy Crook
714665,Left Back,Ahmed Deen
1006531,Midfield,Billy Crook
1006531,Midfield,Billy Crook
714665,Left Back,Ahmed Deen
714665,Left Back,Ahmed Deen
714665,Left Back,Ahmed Deen
909907,Goalkeeper,Chico Ramos
909908,Right Back,Mathieu Boyer
909908,Right Back,Mathieu Boyer
909908,Right Back,Mathieu Boyer
909908,Right Back,Mathieu Boyer
909908,Right Back,Mathieu Boyer
909908,Right Back,Mathieu Boyer
909908,Right Back,Mathieu Boyer
909908,Right Back,Mathieu Boyer
909908,Right Back,Mathieu Boyer
1178003,Defender,Michael Weir
909908,Right Back,Mathieu Boyer
902618,Midfield,Nassim Dukali
909907,Goalkeeper,Chico Ramos
909907,Goalkeeper,Chico Ramos
909907,Goalkeeper,Chico Ramos
909907,Goalkeeper,Chico Ramos
1178003,Defender,Michael Weir
1178003,Defender,Michael Weir
909907,Goalkeeper,Chico Ramos
1178003,Defender,Michael Weir
1178003,Defender,Michael Weir
1178003,Defender,Michael Weir
1169340,Goalkeeper,Yannick Nlate
1167001,Striker,Nathaniel Pinney
902618,Midfield,Nassim Dukali
902618,Midfield,Nassim Dukali
902618,Midfield,Nassim Dukali
1169340,Goalkeeper,Yannick Nlate
1169340,Goalkeeper,Yannick Nlate
1169340,Goalkeeper,Yannick Nlate
1167001,Striker,Nathaniel Pinney
1167001,Striker,Nathaniel Pinney
1167001,Striker,Nathaniel Pinney
1167001,Striker,Nathaniel Pinney
909907,Goalkeeper,Chico Ramos
1164673,Striker,Kemo Darboe
1167001,Striker,Nathaniel Pinney
1167001,Striker,Nathaniel Pinney
1167001,Striker,Nathaniel Pinney
1167001,Striker,Nathaniel Pinney
1167001,Striker,Nathaniel Pinney
1167001,Striker,Nathaniel Pinney
1164673,Striker,Kemo Darboe
1169340,Goalkeeper,Yannick Nlate
1164673,Striker,Kemo Darboe
1164673,Striker,Kemo Darboe
1164673,Striker,Kemo Darboe
1164673,Striker,Kemo Darboe
1164673,Striker,Kemo Darboe
1164673,Striker,Kemo Darboe
1164673,Striker,Kemo Darboe
1164673,Striker,Kemo Darboe
1164673,Striker,Kemo Darboe
1156655,Striker,Kyle Moran
1052060,Striker,Marcel Henry-Francis
1169340,Goalkeeper,Yannick Nlate
1130565,Striker,Joel Ledgister
1169340,Goalkeeper,Yannick Nlate
726253,Central Defender,Suliaman Bangura
1080228,Wide Midfield,Adeyinka Cole
1119074,Right Back,Brandon Garner
902626,Midfield,Fabian Reid
1119077,Right Midfield,Ramell Lake
1052060,Striker,Marcel Henry-Francis
1052060,Striker,Marcel Henry-Francis
1052060,Striker,Marcel Henry-Francis
1080228,Wide Midfield,Adeyinka Cole
1052060,Striker,Marcel Henry-Francis
1052060,Striker,Marcel Henry-Francis
1080228,Wide Midfield,Adeyinka Cole
1080228,Wide Midfield,Adeyinka Cole
1119074,Right Back,Brandon Garner
902626,Midfield,Fabian Reid
902626,Midfield,Fabian Reid
902626,Midfield,Fabian Reid
902626,Midfield,Fabian Reid
902626,Midfield,Fabian Reid
1023569,Midfield,Karl Beckford
802525,Wing Back,Ryan James
902626,Midfield,Fabian Reid
1023569,Midfield,Karl Beckford
902626,Midfield,Fabian Reid
902626,Midfield,Fabian Reid
1119074,Right Back,Brandon Garner
902626,Midfield,Fabian Reid
902626,Midfield,Fabian Reid
845958,Striker,Junior James
802525,Wing Back,Ryan James
802525,Wing Back,Ryan James
802525,Wing Back,Ryan James
802525,Wing Back,Ryan James
802525,Wing Back,Ryan James
802525,Wing Back,Ryan James
845958,Striker,Junior James
845958,Striker,Junior James
845958,Striker,Junior James
845958,Striker,Junior James
845958,Striker,Junior James
845958,Striker,Junior James
845958,Striker,Junior James
845958,Striker,Junior James
845958,Striker,Junior James
802525,Wing Back,Ryan James
802525,Wing Back,Ryan James
802525,Wing Back,Ryan James
802525,Wing Back,Ryan James
1023569,Midfield,Karl Beckford
1023569,Midfield,Karl Beckford
1023569,Midfield,Karl Beckford
1023569,Midfield,Karl Beckford
1023569,Midfield,Karl Beckford
1023569,Midfield,Karl Beckford
1023569,Midfield,Karl Beckford
1023569,Midfield,Karl Beckford
845958,Striker,Junior James
1006534,Centre Forward,Paul Vines
1023569,Midfield,Karl Beckford
1006534,Centre Forward,Paul Vines
1119074,Right Back,Brandon Garner
1119074,Right Back,Brandon Garner
1119074,Right Back,Brandon Garner
1119074,Right Back,Brandon Garner
1119074,Right Back,Brandon Garner
1119074,Right Back,Brandon Garner
1119074,Right Back,Brandon Garner
1080228,Wide Midfield,Adeyinka Cole
1119074,Right Back,Brandon Garner
1080228,Wide Midfield,Adeyinka Cole
1080228,Wide Midfield,Adeyinka Cole
1080228,Wide Midfield,Adeyinka Cole
1080228,Wide Midfield,Adeyinka Cole
1080228,Wide Midfield,Adeyinka Cole
1006534,Center Forward,Paul Vines
1006534,Center Forward,Paul Vines
1006534,Centre Forward,Paul Vines
1006534,Centre Forward,Paul Vines
1006534,Centre Forward,Paul Vines
1006534,Centre Forward,Paul Vines
1006534,Centre Forward,Paul Vines
1006534,Centre Forward,Paul Vines
1006534,Centre Forward,Paul Vines
1080228,Wide Midfield,Adeyinka Cole
726253,Central Defender,Suliaman Bangura
726253,Central Defender,Suliaman Bangura
726253,Central Defender,Suliaman Bangura
726253,Central Defender,Suliaman Bangura
726253,Central Defender,Suliaman Bangura
726253,Central Defender,Suliaman Bangura
726253,Central Defender,Suliaman Bangura
726253,Central Defender,Suliaman Bangura
726253,Central Defender,Suliaman Bangura
726253,Central Defender,Suliaman Bangura
1130565,Striker,Joel Ledgister
1130565,Striker,Joel Ledgister
1130565,Striker,Joel Ledgister
1130565,Striker,Joel Ledgister
1130565,Striker,Joel Ledgister
1130565,Striker,Joel Ledgister
1130565,Striker,Joel Ledgister
1130565,Striker,Joel Ledgister
1130565,Striker,Joel Ledgister
1130565,Striker,Joel Ledgister
1052060,Striker,Marcel Henry-Francis
1052060,Striker,Marcel Henry-Francis
1052060,Striker,Marcel Henry-Francis
1052060,Striker,Marcel Henry-Francis
1156655,Striker,Kyle Moran
1156655,Striker,Kyle Moran
1052060,Striker,Marcel Henry-Francis
1156655,Striker,Kyle Moran
1156655,Striker,Kyle Moran
1156655,Striker,Kyle Moran
1156655,Striker,Kyle Moran
1156655,Striker,Kyle Moran
1156655,Striker,Kyle Moran
1156655,Striker,Kyle Moran
1156655,Striker,Kyle Moran
1169340,Goalkeeper,Yannick Nlate
1169340,Goalkeeper,Yannick Nlate
1169340,Goalkeeper,Yannick Nlate
1169340,Goalkeeper,Yannick Nlate
902618,Midfield,Nassim Dukali
902618,Midfield,Nassim Dukali
902618,Midfield,Nassim Dukali
733808,Striker,Calaum Martin
714667,Centre Back,Josh Turner
714672,Central Midfield,Luke Hickie
902618,Midfield,Nassim Dukali
902618,Midfield,Nassim Dukali
902618,Midfield,Nassim Dukali
902618,Midfield,Nassim Dukali
1178003,Defender,Michael Weir
1178003,Defender,Michael Weir
1178003,Defender,Michael Weir
1178003,Defender,Michael Weir
1178003,Defender,Michael Weir
909907,Goalkeeper,Chico Ramos
909907,Goalkeeper,Chico Ramos
909907,Goalkeeper,Chico Ramos
733808,Striker,Calaum Martin
714672,Central Midfield,Luke Hickie
714672,Central Midfield,Luke Hickie
714672,Central Midfield,Luke Hickie
714672,Central Midfield,Luke Hickie
714672,Central Midfield,Luke Hickie
714672,Central Midfield,Luke Hickie
714672,Central Midfield,Luke Hickie
714672,Central Midfield,Luke Hickie
714672,Central Midfield,Luke Hickie
714672,Central Midfield,Luke Hickie
714667,Centre Back,Josh Turner
714667,Centre Back,Josh Turner
830573,Midfield,Yacine Gnahore
835889,Central Defender,Aaron Dalhouse
818180,Midfield,Danny Stenning
835892,Striker,Taylor Thomas
724860,Striker,Frankie Sawyer
714667,Centre Back,Josh Turner
714667,Center Back,Josh Turner
714667,Centre Back,Josh Turner
714667,Center Back,Josh Turner
714667,Centre Back,Josh Turner
818180,Midfield,Danny Stenning
818180,Midfield,Danny Stenning
714667,Center Back,Josh Turner
724860,Striker,Frankie Sawyer
724860,Striker,Frankie Sawyer
818180,Midfield,Danny Stenning
724860,Striker,Frankie Sawyer
724860,Striker,Frankie Sawyer
724860,Striker,Frankie Sawyer
724860,Striker,Frankie Sawyer
724860,Striker,Frankie Sawyer
724860,Striker,Frankie Sawyer
724860,Striker,Frankie Sawyer
835892,Striker,Taylor Thomas
724860,Striker,Frankie Sawyer
835892,Striker,Taylor Thomas
835892,Striker,Taylor Thomas
835892,Striker,Taylor Thomas
835892,Striker,Taylor Thomas
835892,Striker,Taylor Thomas
835892,Striker,Taylor Thomas
835892,Striker,Taylor Thomas
818180,Midfield,Danny Stenning
818180,Midfield,Danny Stenning
835892,Striker,Taylor Thomas
835892,Striker,Taylor Thomas
818180,Midfield,Danny Stenning
818180,Midfield,Danny Stenning
818180,Midfield,Danny Stenning
818180,Midfield,Danny Stenning
818180,Midfield,Danny Stenning
835889,Central Defender,Aaron Dalhouse
835889,Central Defender,Aaron Dalhouse
835889,Central Defender,Aaron Dalhouse
714675,Centre Forward,Dominic Weston
714670,Central Midfield,Vernon Francis
714526,Right Back,Kalvin Morath-Gibbs
835889,Central Defender,Aaron Dalhouse
835889,Central Defender,Aaron Dalhouse
835889,Central Defender,Aaron Dalhouse
835889,Central Defender,Aaron Dalhouse
835889,Central Defender,Aaron Dalhouse
835889,Central Defender,Aaron Dalhouse
714675,Center Forward,Dominic Weston
714670,Central Midfield,Vernon Francis
714670,Central Midfield,Vernon Francis
714526,Right Back,Kalvin Morath-Gibbs
714526,Right Back,Kalvin Morath-Gibbs
714526,Right Back,Kalvin Morath-Gibbs
714526,Right Back,Kalvin Morath-Gibbs
714526,Right Back,Kalvin Morath-Gibbs
714526,Right Back,Kalvin Morath-Gibbs
714526,Right Back,Kalvin Morath-Gibbs
714526,Right Back,Kalvin Morath-Gibbs
714526,Right Back,Kalvin Morath-Gibbs
714526,Right Back,Kalvin Morath-Gibbs
714670,Central Midfield,Vernon Francis
714670,Central Midfield,Vernon Francis
714670,Central Midfield,Vernon Francis
714670,Central Midfield,Vernon Francis
714670,Central Midfield,Vernon Francis
714670,Central Midfield,Vernon Francis
714670,Central Midfield,Vernon Francis
714670,Central Midfield,Vernon Francis
714675,Center Forward,Dominic Weston
714675,Center Forward,Dominic Weston
714675,Center Forward,Dominic Weston
714675,Center Forward,Dominic Weston
714675,Center Forward,Dominic Weston
714675,Center Forward,Dominic Weston
714675,Centre Forward,Dominic Weston
714675,Center Forward,Dominic Weston
714675,Center Forward,Dominic Weston
835889,Central Defender,Aaron Dalhouse
830573,Midfield,Yacine Gnahore
830573,Midfield,Yacine Gnahore
830573,Midfield,Yacine Gnahore
830573,Midfield,Yacine Gnahore
830573,Midfield,Yacine Gnahore
830573,Midfield,Yacine Gnahore
830573,Midfield,Yacine Gnahore
830573,Midfield,Yacine Gnahore
830573,Midfield,Yacine Gnahore
830573,Midfield,Yacine Gnahore
714667,Centre Back,Josh Turner
714667,Center Back,Josh Turner
733808,Striker,Calaum Martin
733808,Striker,Calaum Martin
733808,Striker,Calaum Martin
733808,Striker,Calaum Martin
733808,Striker,Calaum Martin
733808,Striker,Calaum Martin
733808,Striker,Calaum Martin
733808,Striker,Calaum Martin
733808,Striker,Calaum Martin
909907,Goalkeeper,Chico Ramos
714665,Left Back,Ahmed Deen
714665,Left Back,Ahmed Deen
714665,Left Back,Ahmed Deen
714665,Left Back,Ahmed Deen
714665,Left Back,Ahmed Deen
714665,Left Back,Ahmed Deen
1210615,Striker,Tommy Whitnell
1210615,Striker,Tommy Whitnell
1210615,Striker,Tommy Whitnell
1210615,Striker,Tommy Whitnell
1210615,Striker,Tommy Whitnell
1210615,Striker,Tommy Whitnell
1210615,Striker,Tommy Whitnell
1210615,Striker,Tommy Whitnell
1210615,Striker,Tommy Whitnell
1210615,Striker,Tommy Whitnell
714666,Central Defender,Peter Adeniyi
714666,Central Defender,Peter Adeniyi
714666,Central Defender,Peter Adeniyi
714666,Central Defender,Peter Adeniyi
714666,Central Defender,Peter Adeniyi
714666,Central Defender,Peter Adeniyi
714666,Central Defender,Peter Adeniyi
714666,Central Defender,Peter Adeniyi
714666,Central Defender,Peter Adeniyi
714666,Central Defender,Peter Adeniyi
1006531,Midfield,Billy Crook
1006531,Midfield,Billy Crook
1006531,Midfield,Billy Crook
1006531,Midfield,Billy Crook
1006531,Midfield,Billy Crook
714669,Wide Midfield,Ellis Green
1006531,Midfield,Billy Crook
1006531,Midfield,Billy Crook
714669,Wide Midfield,Ellis Green
714669,Wide Midfield,Ellis Green
714669,Wide Midfield,Ellis Green
714669,Wide Midfield,Ellis Green
714669,Wide Midfield,Ellis Green
714669,Wide Midfield,Ellis Green
714669,Wide Midfield,Ellis Green
714669,Wide Midfield,Ellis Green
714669,Wide Midfield,Ellis Green
1026867,Striker,Ian Daly
1026867,Striker,Ian Daly
1026867,Striker,Ian Daly
1026867,Striker,Ian Daly
1026867,Striker,Ian Daly
1026867,Striker,Ian Daly
1026867,Striker,Ian Daly
1026867,Striker,Ian Daly
714674,Midfield,Erhun Öztümer
714674,Midfield,Erhun Öztümer
714674,Midfield,Erhun Öztümer
714674,Midfield,Erhun Öztümer
714674,Midfield,Erhun Öztümer
714674,Midfield,Erhun Öztümer
1202480,Midfield,Tommy Kavanagh
1202480,Midfield,Tommy Kavanagh
1202480,Midfield,Tommy Kavanagh
1202480,Midfield,Tommy Kavanagh
1202480,Midfield,Tommy Kavanagh
1202480,Midfield,Tommy Kavanagh
1202480,Midfield,Tommy Kavanagh
1202480,Midfield,Tommy Kavanagh
1202480,Midfield,Tommy Kavanagh
1006535,Wide Midfield,Jerome Walker
1006535,Wide Midfield,Jerome Walker
1006535,Wide Midfield,Jerome Walker
1006535,Wide Midfield,Jerome Walker
1006535,Wide Midfield,Jerome Walker
1006535,Wide Midfield,Jerome Walker
1006535,Wide Midfield,Jerome Walker
1006535,Wide Midfield,Jerome Walker
1006535,Wide Midfield,Jerome Walker
1006535,Wide Midfield,Jerome Walker
1195294,Attacking Midfield,Emiliano Hysi
1195294,Attacking Midfield,Emiliano Hysi
1195294,Attacking Midfield,Emiliano Hysi
1195294,Attacking Midfield,Emiliano Hysi
1195294,Attacking Midfield,Emiliano Hysi
1195294,Attacking Midfield,Emiliano Hysi
1195294,Attacking Midfield,Emiliano Hysi
1195294,Attacking Midfield,Emiliano Hysi
1195294,Attacking Midfield,Emiliano Hysi
1195294,Attacking Midfield,Emiliano Hysi
1405975,Goalkeeper,Edzin Hoca
1405975,Goalkeeper,Edzin Hoca
1405975,Goalkeeper,Edzin Hoca
1405975,Goalkeeper,Edzin Hoca
1405975,Goalkeeper,Edzin Hoca
1405975,Goalkeeper,Edzin Hoca
1405975,Goalkeeper,Edzin Hoca
1405975,Goalkeeper,Edzin Hoca
1405975,Goalkeeper,Edzin Hoca
1257370,Striker,Kareem Boyle
1257370,Striker,Kareem Boyle
1257370,Striker,Kareem Boyle
1257370,Striker,Kareem Boyle
1257370,Striker,Kareem Boyle
1257370,Striker,Kareem Boyle
1257370,Striker,Kareem Boyle
1257370,Striker,Kareem Boyle
1257370,Striker,Kareem Boyle
1389929,Midfield,Brandon Hobbs
1257370,Striker,Kareem Boyle
1389949,Right Back,Matteo Candolini
1702353,Defender,Nathan Green
1702353,Defender,Nathan Green
1702353,Defender,Nathan Green
1702353,Defender,Nathan Green
1702353,Defender,Nathan Green
1702353,Defender,Nathan Green
1702353,Defender,Nathan Green
1702353,Defender,Nathan Green
1257380,Midfield,Ashley Carew
1702353,Defender,Nathan Green
1257380,Midfield,Ashley Carew
1257380,Midfield,Ashley Carew
1257380,Midfield,Ashley Carew
1257380,Midfield,Ashley Carew
1257380,Midfield,Ashley Carew
1257380,Midfield,Ashley Carew
1257380,Midfield,Ashley Carew
1257380,Midfield,Ashley Carew
1257380,Midfield,Ashley Carew
1665097,Midfield,Kenny Beaney
1665097,Midfield,Kenny Beaney
1665097,Midfield,Kenny Beaney
1665097,Midfield,Kenny Beaney
1665097,Midfield,Kenny Beaney
1665097,Midfield,Kenny Beaney
